model,MAE,RMSE,MAPE
Linear Regression,118.83916629383636,161.08571116765285,0.047340587118014574
Baseline,151.76258992805757,212.2709345159807,0.05956922735899697
